Names,50,51,52,53,54,55,56,57,58,59,60,61,62,63,64,65,66,67,68,69,70
Bamidbar_CH1,0.0030295242046805442,0.019539169104234855,0.008055447635247199,0.008579161567765201,0.037957486627882474,0.005249753840587209,0.004264354524826511,0.002769916670567808,0.0073266957591513904,0.004407574290741761,0.0060077192184471995,0.012712522440939933,0.0029909804796559164,0.006684303913356015,0.007326885599837667,0.004870703861355957,0.002896290004161435,0.0145202403757001,0.003687004999346734,0.006168284041968543,0.010432579956009541
Bamidbar_CH10,0.010144152000607271,0.0062448153223342295,0.005847115350601745,0.003334596704952628,0.014059889420491202,0.004256731263167803,0.003881236840584057,0.0027576891130853018,0.005214020731379222,0.003907532839677093,0.00418611738567907,0.0036362608517321844,0.002990909861533748,0.003523865438162399,0.003924394981593,0.0043372666390642176,0.0028459917078221433,0.014618018580310546,0.0034468969412218362,0.004206737232586533,0.005654636733069101
Bamidbar_CH11,0.0030246601739828084,0.004022390652186011,0.005494034781399817,0.0029444294976766275,0.003594339311573674,0.005691274179709776,0.006263155512834759,0.0027654510942853377,0.0038910062963817544,0.004772833426967286,0.005308225768331283,0.005139216505569424,0.002995958265707812,0.0055490193780563125,0.006963479560398586,0.004534618813361427,0.0028942138002565464,0.0044567294857566315,0.005219043383659935,0.004938785019911872,0.005958364514933808
Bamidbar_CH13,0.0030628314579472494,0.006293754855310895,0.0038503025974641115,0.0029567430784224573,0.008394418213618457,0.0051698142472815095,0.003469149935983518,0.002764235713115539,0.003964314167290284,0.003847136324748471,0.0036322842655244704,0.0035987200811777565,0.0029910100790673374,0.00483061491087907,0.003805872690096723,0.0033231484829410623,0.0028639445527179766,0.007963293030654458,0.0034629075029820526,0.006029504209884,0.005825081996882774
Bamidbar_CH14,0.005846407465225126,0.0038560043836398765,0.0057557152507667735,0.002921373065518756,0.0032729226884671554,0.005663370533725086,0.006103725760630068,0.0027764502938720137,0.004073417365473024,0.004905572776149621,0.005948703683843401,0.004648595047685959,0.007748000303380377,0.00617195608772216,0.008250337324167257,0.005782900282583183,0.002986928039675354,0.003225366656641343,0.0038582192610832904,0.007333466603767038,0.003524092250172137
Bamidbar_CH15,0.012421236657355702,0.007179355438142742,0.008055516934055224,0.011045606102979428,0.0034234271156297607,0.00657766587482985,0.004366935010156357,0.0027913539054666677,0.008348805024822145,0.004471766880944429,0.004967006098979354,0.007051896014617281,0.0029909681357832094,0.008398484353202496,0.006668951682337777,0.005359164204605376,0.0029927847400818383,0.0031808445244719884,0.0036870668494100264,0.006891164562802193,0.0063935665552347365
Bamidbar_CH16,0.0030246445260279217,0.004281898624785048,0.00998947561130539,0.0029081546345402463,0.003120994063482179,0.0061432097228045265,0.004057542061448246,0.002759940100293533,0.0037164948658046926,0.005583844725425283,0.008111211692162919,0.004117726952653941,0.002991297993180405,0.003602440555717973,0.007437408099394884,0.0045754577890518375,0.0028972251986159846,0.0056358959036171925,0.0035730143177869207,0.005829165356395721,0.0033316393911022955
Bamidbar_CH17,0.0030243735966807325,0.003482660726281421,0.007516436261567826,0.0029010014367478075,0.0030460972644035128,0.004862475778688343,0.003907842346112509,0.0027654533098239284,0.0036215677535697084,0.0041082573255878186,0.0042754367805958775,0.0034245127614779955,0.002990916236834895,0.003685824414516872,0.003971557552421432,0.004341071944377048,0.0028448001473202074,0.0030896471034352353,0.003444532505808349,0.004134402148544766,0.0032507415442125606
Bamidbar_CH18,0.0030341124924453773,0.0037176651587404455,0.0048501659681314,0.0029117547109816146,0.003191069300407966,0.006479380072632521,0.007860420791289355,0.0027934064437182674,0.003993639312016661,0.005315823475547541,0.006194880734396105,0.0051605847407917215,0.0029913678873794993,0.005101184403148494,0.005513295925145503,0.006167117504252757,0.002944512096595838,0.0031791582493420727,0.004144552814803076,0.004917311312500609,0.005769850611393655
Bamidbar_CH19,0.004087613645407291,0.004695466278970715,0.004844665256348421,0.034514634549837456,0.008962956313006929,0.00419628520912207,0.0034804177094963063,0.0027624851211233113,0.010413945260610376,0.004108921700208195,0.0052583183218139805,0.007930961055048622,0.0029909304658138464,0.0037440094061502193,0.005566512036584848,0.006998981542750688,0.0028503715953641074,0.0031053494181658243,0.005826956811750464,0.0041960416282812866,0.003280997661637165
Bamidbar_CH2,0.006185947076263369,0.022798249281149735,0.0050284441437245895,0.017458579687259026,0.013956014994590303,0.005556098463038454,0.0038848470241152856,0.002758017012796737,0.004350898366405749,0.0038908947329710695,0.005545649870772281,0.007264083861637929,0.002990929944953895,0.0035716619245290846,0.004199470514828295,0.004341189806036167,0.002865793276890677,0.014395753424283318,0.003463129240845958,0.005486157650950358,0.009855117301088229
Bamidbar_CH20,0.00302538632251864,0.003588283947396004,0.00856472798100468,0.002901204342553972,0.0031018499735437615,0.005577838876333562,0.00400089139722836,0.0027714760932302032,0.0037157859932555565,0.006100388484988428,0.0051382898269930035,0.004116684967445311,0.01430667724941987,0.0035611710647298037,0.004526458017867024,0.004568937163748873,0.0030029563338210908,0.003134803853079208,0.006691173099327783,0.00547817157218998,0.0033451003088981216
Bamidbar_CH21,0.0031068083882704787,0.00771253745088554,0.00545736401181739,0.0029178865533455384,0.0031013746569176995,0.004846767040664629,0.004047787438948922,0.0027689731676336492,0.005521515692985853,0.004321752731255228,0.0046434895568703,0.004066675865692383,0.002990954894472667,0.00727938126408285,0.004451726354085696,0.004573384948486573,0.0028881982251164704,0.004996218576704761,0.0076919084748408645,0.006637448888843789,0.009571301460319752
Bamidbar_CH22,0.0030247829113276207,0.0050844852325977906,0.005329754177443092,0.0029294420727212305,0.0032477624819834995,0.006815395172105158,0.007149521119329505,0.002798412927922401,0.004073350311290199,0.008599310009021534,0.007558582003446707,0.0046496425995642176,0.013961885479422221,0.004664581316132209,0.006320897542837054,0.005932228806051434,0.002925255756726675,0.0032259338585414158,0.008607119680074517,0.0056172928732149624,0.003530756218224112
Bamidbar_CH23,0.0030243726499736665,0.0036489189457325614,0.004463954350989739,0.0029018462385385483,0.0030475478216132144,0.0050647053931425524,0.007072286690588283,0.0027653510785432397,0.0036211551726807218,0.005061407172114243,0.005543125775436711,0.00396264765461412,0.012290094821499972,0.008940223556983299,0.005247137400107942,0.0040222201939085975,0.0028512959574504577,0.0062645277833691705,0.004476717388501114,0.004122627100615925,0.005656626396488732
Bamidbar_CH24,0.0030243722529796494,0.0036768514204144325,0.003958392370783896,0.0028951131184699296,0.0030477722960195693,0.006222956306054132,0.003473395725773475,0.002778245829647083,0.0036195933928657806,0.006617462502595364,0.005583386544713593,0.003910718216455768,0.0030205042013054925,0.005259644951664234,0.004650481835445086,0.004030859585774711,0.0028719280080809467,0.003147543084915601,0.005985262909958525,0.00441839314325638,0.003254437463554188
Bamidbar_CH25,0.0030243240246026265,0.004554768128068424,0.0034024197822322393,0.0028921863623234787,0.002997270728517045,0.00476283366791851,0.003823800895999451,0.002906056452882938,0.0036873196865956745,0.0034921429673938752,0.0040575326583674335,0.0038726697332346956,0.0029909219024691755,0.0035748082222801327,0.005650820204984734,0.004260145105213337,0.002826764254268179,0.0030446208145111057,0.003388701440263965,0.003767452387769749,0.0032148181727821297
Bamidbar_CH26,0.038084968664992204,0.02086909344582489,0.009698427845348233,0.003104452213344076,0.03854426473736857,0.008039447766819792,0.004481320314401814,0.0027713510735525807,0.0110849788289754,0.004790957065603426,0.0067175807089071456,0.011871314622475579,0.002990979885167988,0.006775968352873202,0.0056668157200657895,0.005234515299975838,0.002958258371840898,0.072603758387072,0.0038150588349925006,0.006675463189246642,0.030341732617806094
Bamidbar_CH27,0.003026154591968571,0.003791582820781867,0.004472075964421459,0.0028953264676699975,0.008013661818529373,0.004604920197686808,0.0038616449845658134,0.002767007984903629,0.0036183987362541493,0.003894353228364309,0.004925761238263856,0.0034422078019421443,0.0029909408775850017,0.004816712152511875,0.004321091015955216,0.003333316841180845,0.0028376688382555915,0.0030887453690237915,0.0034980632095226744,0.004531165188829757,0.0058409725247552105
Bamidbar_CH28,0.0030243322549603994,0.006685839565599484,0.0039867559877801335,0.02795588301653077,0.006111669640400272,0.003900447640309491,0.003865031424651206,0.002795272243717216,0.00741220972596603,0.0041089014318162215,0.005708543482289548,0.011500969407429569,0.0029909203016328574,0.010119883420542097,0.004408770554076709,0.00403617541861638,0.0028341699833271798,0.003098844092632525,0.0034475210726590765,0.0040352312768048605,0.005281840755457941
Bamidbar_CH29,0.0030246158903552184,0.014157349777235371,0.004986015592510844,0.004209071778341836,0.004326794802751931,0.004564335201681567,0.004068417704173656,0.002764859228976087,0.015261181093901543,0.004262316556735701,0.00612981627938886,0.011571583426805568,0.002990970675047254,0.0035614194697188876,0.004257700277775886,0.004541096745558591,0.0033452627797120574,0.0032050745200347375,0.0035743532963252002,0.006099797397222061,0.00988880354965906
Bamidbar_CH3,0.003992557419590022,0.01262723749927115,0.010874929299348603,0.0037678233388019683,0.024399461376397882,0.004775373328454353,0.004269856064369274,0.0027649029067368766,0.005620609686227402,0.004471744889274619,0.005262148256079583,0.007619618716860607,0.0029909759721255132,0.003569647124475739,0.005510311906764222,0.004899104553617901,0.0029810749500582693,0.024178401175456627,0.003680590923872541,0.0054923330024131325,0.015270875771019468
Bamidbar_CH30,0.0030249902500848105,0.004549306010983813,0.003398837419250806,0.0029292451286909715,0.007795507623597813,0.0038410498042008834,0.0038168856301478917,0.002764248056830545,0.008209838326297927,0.004030780468904905,0.003547069371137214,0.0057816056460103255,0.002990907589172836,0.003583966291245919,0.00444997653936005,0.006836082018405683,0.002824464181420503,0.025840848097137756,0.014680388109627983,0.005646291616742541,0.0032205646516674483
Bamidbar_CH31,0.003026143198960337,0.006100538741888598,0.0080849529083886,0.0029926758276488745,0.006892812555693485,0.006888733352836014,0.004480306634624571,0.002810082486185544,0.006422938008707622,0.004716397524621558,0.006593948945525266,0.008210700039753702,0.002990990179734427,0.0036238591417650096,0.005799115857188731,0.005234566235987525,0.0029180558426634626,0.008176078818113138,0.0038036335912056997,0.007435790485857259,0.01237245061565439
Bamidbar_CH32,0.023411017366214586,0.0038146019157052624,0.006065936944296032,0.0029106500148632524,0.003156888742863946,0.0047351857843570535,0.004284634947088679,0.0027779635067295156,0.0039047577301115593,0.0051742801598942,0.005164414830351303,0.0044527029480919455,0.0029913775144416086,0.004236196572047411,0.00511931689730658,0.00489243591483621,0.002893282216591397,0.003179835193791266,0.004125235949747003,0.00626552294209153,0.0058216664142303354
Bamidbar_CH33,0.0030308609104650252,0.017087906853345283,0.008777021565709956,0.0034500686329082047,0.0031011817029959177,0.004404436138131672,0.0040691449740382305,0.0027664313118590006,0.0037153395161632335,0.00410977774984738,0.0048527310986722005,0.004077534080830319,0.002991346829586416,0.0035890205175479776,0.006043913633225848,0.0045757254492441715,0.0028763873329897063,0.008675717943397842,0.0035624844466753047,0.005114105015415872,0.003948347536680121
Bamidbar_CH34,0.0030243334254190595,0.010958082346028547,0.004138523725734764,0.02503437238083518,0.007118123016269661,0.00520955546457627,0.0038820012702346918,0.002758419607809233,0.003529807455756045,0.004103469310398513,0.003927629677771612,0.005318076404610566,0.003021048013803327,0.003537916119676929,0.00438241903443646,0.003322151862956362,0.002848172624619626,0.021014357567229434,0.0034477671096200617,0.0044907677435550965,0.013641454047922389
Bamidbar_CH35,0.003034658553384497,0.013872438254733905,0.005478450769842182,0.0030521029596526166,0.008238836960131862,0.004433802308921801,0.004068457190436123,0.0027715792740274307,0.010607153095434418,0.004262028978925053,0.005044620467602574,0.007920716656023206,0.0029921276935086388,0.003617289413866436,0.004607562033682462,0.004556775307472937,0.002934708803375366,0.008453884498663728,0.003919642381054911,0.0046838320053813306,0.008109183606103326
Bamidbar_CH36,0.0030242730507000627,0.004532037062387012,0.010119153156076659,0.0028972876390092376,0.007081112861929357,0.006327728570919995,0.0038190467691096137,0.002761185865992576,0.0035586584780767003,0.004029964996004001,0.004316257226815959,0.0038880197279410893,0.0029909385997171573,0.00700996429823403,0.005232625662146304,0.004260245680059414,0.002816249635535945,0.004702590776666811,0.0033891823129233683,0.0040860859391796105,0.005166311593216779
Bamidbar_CH4,0.003029404628067876,0.01855757849936096,0.012253537654477476,0.003208380509067528,0.015172933918412346,0.006722479000640862,0.0044817492681789185,0.0028996165152105706,0.00862585609926263,0.004716400502227873,0.006987894565337265,0.013796487616405364,0.0029909659547958716,0.003885663871345784,0.008477285005934332,0.005011054486370451,0.002913852883802089,0.020576073814065416,0.0038012923151238723,0.0062975342934877545,0.014708992799822263
Bamidbar_CH5,0.012640816754583808,0.0040007542185989875,0.005378234866335206,0.0030225528295167153,0.006271808129070635,0.005076566734706656,0.003987940681216811,0.003889461553567032,0.006587878845512775,0.004128100904673025,0.004951091136147993,0.005185630912044663,0.0029957434429471784,0.0042879992262491035,0.004822416072085789,0.004800204249781562,0.0028950731681337003,0.003296396946055045,0.010088759947087285,0.006026228748696932,0.003423896298339603
Bamidbar_CH6,0.0061040008405523144,0.009749964442508325,0.005001898790780485,0.003270233823975098,0.00709626306340178,0.004682038492479027,0.004567265275298641,0.0027624844881122853,0.008434460792192972,0.004108685526575579,0.005477877956867197,0.008582477684074188,0.0029909129481762234,0.003915419809907726,0.005545450256047671,0.005420548421230983,0.0031105217500412984,0.005667801540982674,0.003498856658647368,0.004057400904753265,0.0055199418522810855
Bamidbar_CH7,0.003025497604196345,0.020868434543653325,0.0069986133175142014,0.0034874908327283656,0.056300356110011156,0.012259517342104159,0.005323114192213845,0.007737665030991074,0.01575944262570084,0.0057477585448019505,0.009839655725596324,0.022640646285553175,0.002991056947187775,0.028897290365555266,0.011148367724606133,0.014650304076111462,0.0031327317156395022,0.003571826911395018,0.004268375547512103,0.013149012624619446,0.0297180422694781
Bamidbar_CH8,0.0030297908161883054,0.004755573870274541,0.007281338820455585,0.002897647989453269,0.003047032054710701,0.004260246514202743,0.003883113896000602,0.0027626519195286456,0.0038406518691437882,0.0041088797994925765,0.004505630330229736,0.0036488702987300826,0.0029909132998419763,0.0039985705574776265,0.005525011238445408,0.004338544780435739,0.002891328779526102,0.0030969393349749965,0.003443236284126097,0.004574818466324898,0.0035144500218765263
Bamidbar_CH9,0.0030243959581834085,0.004803979361784191,0.007464987140522451,0.002906776264166026,0.003060544617525465,0.004150123758286074,0.0038837184749927088,0.002772168607292578,0.0036195361736184027,0.00410889554244865,0.004034542906709687,0.0036886068126202446,0.002990913967534061,0.0035791992382129805,0.005298082842322331,0.0037115009117318788,0.002853599641087534,0.003103425592198949,0.003458259682590184,0.006014696064431752,0.0032930807798957273
Beereshit_CH1,0.0030246322081493,0.0035888784682245028,0.005055664509269375,0.0029050812401962625,0.003102474079908479,0.005793886961551483,0.00707523215884454,0.002765659987923897,0.0037162255900326387,0.004262161469837303,0.005283978826926448,0.004084771606036069,0.0029911064334941584,0.0037300896456218774,0.005502172064023247,0.005924038728688144,0.002862669944059845,0.003135816152537037,0.003570400493460528,0.005199737467216756,0.0033271022907000883
Beereshit_CH10,0.012996385494477609,0.0045585646061743566,0.0034087056679913273,0.0029108010256020537,0.003009564063440796,0.00423802414757826,0.0038150572277211325,0.0027552909508135404,0.003900690493780636,0.0035425435365820782,0.0043876634349915575,0.0068939142713856935,0.002994512354503545,0.004128628327690869,0.0038657290514353495,0.004257564439472766,0.0028418681863275654,0.008179147664908449,0.004521351101969649,0.005403162184414399,0.020833453223273724
Beereshit_CH11,0.003024630223846112,0.004728686177909002,0.004156145666803974,0.002907899530412689,0.003049248846160524,0.005596093314268769,0.003845128168889796,0.0027565683670638806,0.0036211530287268874,0.00392739444064969,0.004836842264238953,0.004178768918670428,0.004660228045778326,0.003661320270674424,0.00596127396395696,0.0036299973573352753,0.0028572898678541347,0.00308868925426964,0.003462353870679918,0.004777360713447617,0.003247513300659684
Beereshit_CH12,0.0030243688958064827,0.0034577398835338564,0.0047975947807938814,0.0029036441872812464,0.002996177559706731,0.0050360145496049676,0.004021224117566975,0.0028494728632965072,0.003558733114577349,0.006164593072210772,0.007447282594650771,0.003890518750404758,0.003016333306743999,0.003542787055379337,0.005623208322514682,0.004257853269094605,0.002847017172011688,0.0030441471096224818,0.0033551522252863158,0.0043925323875012405,0.00324021505309553
Beereshit_CH13,0.003024392524907114,0.0045961504116607006,0.0046677909619553745,0.0028943162949003343,0.002996353853767854,0.0039015597243910495,0.0037958717379416407,0.0027575419380217714,0.003558798813050027,0.006409904350247925,0.004733775967598775,0.0038906093631964457,0.014900076440983852,0.0035841796690405494,0.005269507519240476,0.004241575380904238,0.002881446048938834,0.003046676814328219,0.004190988235966903,0.004310989064992564,0.0032269370271677048
Beereshit_CH14,0.00303070400684163,0.0035161827842728538,0.0048634058360708925,0.0028961288430527543,0.0030474721332201344,0.004624289121603935,0.0038632053439418474,0.002768405673248897,0.00362189302396547,0.005738806652016048,0.004334402727767036,0.004419024384308805,0.012963905194893363,0.003531259267368394,0.003996089564303704,0.004338418304729338,0.0028427167218365197,0.01240955847543111,0.003455270494648232,0.004310226795986404,0.016443007573010992
Beereshit_CH15,0.0030244550400928575,0.0034593058992198897,0.00477682783021171,0.0029080792133834095,0.0029958150283716165,0.0038362427570676743,0.009359555673774937,0.0029577456012168254,0.0035565319259725304,0.005722811630871469,0.004417406551213945,0.003891619572163896,0.014636198838233076,0.0035585032708278833,0.006639661736785789,0.006519986753736995,0.002904695921884182,0.0030476411802029045,0.0036708168049195146,0.005385566634164116,0.0032298897571649545
Beereshit_CH16,0.003024439476585301,0.003460120252207439,0.0036455036013658404,0.0028961962304198167,0.0029949377195099642,0.006033948531907359,0.004010548905307502,0.0027598749001578613,0.003524322284704223,0.007999980021428018,0.004418160365388653,0.0038870417561408595,0.00299090715266431,0.004041158244881311,0.004814598921708377,0.005481445532156333,0.002879608157134333,0.0030472117392942467,0.011898097041902284,0.003961379662638363,0.0032329578466813564
Beereshit_CH17,0.0030244780243610897,0.0034821460401761725,0.004854292581586288,0.002897415534953318,0.003046183711922549,0.004003318215952596,0.00617560968108885,0.0027625949485363113,0.003622066873956455,0.004200057399438958,0.0036754718137483383,0.0034272205162741605,0.0029911056420116574,0.0035508839409782262,0.006163799171444984,0.003608925885041404,0.0029823351155588013,0.0030888951073274325,0.0034585230902380608,0.005344988113123027,0.003334832599458205
Beereshit_CH18,0.0030251448548834978,0.0035872263890336814,0.004438100883959999,0.0029026738393581534,0.0031017191342432053,0.004476343659645446,0.00825473510322338,0.0027714213377764596,0.0037159188321521635,0.012037983330734863,0.006956113992081163,0.0041167448720273,0.013603599717889417,0.007723667983775557,0.0069652741119330275,0.004500705445649792,0.0028943076807809416,0.007769624530064305,0.0060825574960663,0.006684630777696971,0.00334499479348925
Beereshit_CH19,0.0030258956768377527,0.0037181373505743237,0.005349165889369019,0.0029135782760317773,0.0031570063793166735,0.006155096825977982,0.004333940140090642,0.002781619461909813,0.004424094921070876,0.008089534619028286,0.005009751914009893,0.0043854785932550865,0.013783766912805624,0.01039389749141354,0.005070196336370966,0.005438370392381843,0.006951423147507066,0.0031807186775237796,0.010721191877826733,0.005956914662168808,0.0034286128142228907
Beereshit_CH2,0.003024550986517077,0.003483235828214299,0.004785664314133468,0.00288950947758156,0.003047686527963859,0.004860442934440493,0.005059798076432597,0.0027608199856195845,0.0034987225346849622,0.004108889399375956,0.004199554451584032,0.003771096046696762,0.002990967377340107,0.003952395421080666,0.005435424771871314,0.0056681253394817045,0.0028401566721520575,0.0030923494206288728,0.003432342128960729,0.004747990777492045,0.003235321984804292
Beereshit_CH20,0.003024333330839928,0.003449220999387451,0.004723981993414097,0.002898332990578373,0.002995263024660766,0.004171334588809202,0.010110839906826753,0.0027724639069361774,0.003558469804964838,0.0050213614476970056,0.0044434263111615205,0.0038844093127087943,0.002990923307323262,0.006204276785469715,0.005208019813298141,0.005537929021006564,0.0029534090816769588,0.0030461490436283316,0.003377413952173373,0.004266695602184566,0.003229029781004356
Beereshit_CH21,0.003024525920061803,0.0035857050343255825,0.004946517595329956,0.0029150271423858676,0.0031011331909857375,0.004317143004232797,0.004235347481572368,0.002764877269790326,0.0037146157601244483,0.005683589728316699,0.004552291703908206,0.0041127585716095915,0.0029909482578088075,0.005071676289853675,0.006893076006051419,0.005078866375682853,0.0029020347700965256,0.0031350046348816818,0.010019131122629242,0.004888210107074486,0.003338839901320022
Beereshit_CH22,0.0030256258762941957,0.0034829512279800916,0.0037558370834272635,0.0029170115957609473,0.003048207502457869,0.005167867676145325,0.004117341778909807,0.002763157378832856,0.0036220633570442527,0.003905700342118475,0.004236323203198321,0.00396646145411992,0.0029909312221180788,0.0035654153425427847,0.004178345088584289,0.003845654938474984,0.0028595610543866124,0.0030909878761790307,0.00769711793215518,0.004284760523679992,0.0032712236415349573
Beereshit_CH23,0.0032733219382439843,0.004506998694829844,0.005467901025177761,0.0028940151500325994,0.002994543379124993,0.003890805708012585,0.0037188046955901996,0.0027554713589559325,0.0035412274348529966,0.013233472017550327,0.004216164389437425,0.0038916287103518666,0.002990926669845428,0.003566602343566304,0.005124354069357503,0.003287681185482937,0.002817787831820262,0.0030455955565051192,0.012076476468464836,0.005513469323602814,0.003234494788428658
Beereshit_CH24,0.013122241459457534,0.005063840790764055,0.0073693678228398335,0.0029607540078338992,0.0035272271712253455,0.009142857075437353,0.015317470760762286,0.002847795700583288,0.004711221384629188,0.02117831771652016,0.009852753181294778,0.0056314689112818795,0.02819836896827889,0.013509136670240498,0.008348668126269075,0.00980547454875224,0.00349545356479697,0.0035080779663827395,0.023053798100356192,0.010942417932801827,0.0038672224400731754
Beereshit_CH25,0.003024463801366234,0.007338436962325612,0.004228555372193794,0.002943896847439295,0.003100883630253587,0.004995406752091984,0.004044448897614287,0.0027727031851039817,0.0040575235904561115,0.005792961603522773,0.0045755297368626335,0.004666080252619943,0.00299093548419005,0.003956765806109842,0.005037810999078982,0.004321464692909369,0.0029037426734826333,0.007999034342641462,0.0035685253327778985,0.0076294827736622965,0.008814248056322761
Beereshit_CH26,0.0030245438093273666,0.009648361492603652,0.004493254916065453,0.0029026891445846,0.003158355220642465,0.006170280080393475,0.00448723808152929,0.0028535140056860876,0.003715935518080877,0.006337203712944556,0.007178216305400617,0.004099248575216825,0.002997359618615175,0.005016586526694169,0.005339508660471425,0.0045739251229395305,0.0028476996112082515,0.0031395875799018775,0.003563058224984669,0.005431650163974951,0.003321342446096275
Beereshit_CH27,0.0030340914488917892,0.0038553950348621047,0.008262235776246489,0.0029273908059269304,0.0032478331625583287,0.007237326467061798,0.005317139536182501,0.002779639403420683,0.004099694400162073,0.010657889872271883,0.007253884188673361,0.004667383662588044,0.025556831129580283,0.005993719083184021,0.006452727861690539,0.0066988936845127885,0.0031193645732814222,0.003225297669074986,0.01339778467295246,0.0053694563216406714,0.0035323263608796718
Beereshit_CH28,0.0030244099775302226,0.004004329753515284,0.004750980069091994,0.0028994712511014008,0.003047401006426617,0.004824545472447549,0.006630304374477363,0.002759414701142005,0.0036221175595778283,0.005187035256273669,0.007405661576415184,0.00396555157821587,0.003012903930785547,0.00966205174153236,0.005391907486672209,0.0056136430013405255,0.0032432146496947528,0.0030895501071602797,0.0035133803853836486,0.005722520334550956,0.0032545850008498384
Beereshit_CH29,0.0030249978427622877,0.00526324370068116,0.004424114663876178,0.002902917411988524,0.0031016140059472322,0.0050562434252386665,0.006136149593150658,0.0027652551773728103,0.0037160466397427898,0.00977602260245917,0.004226386162257841,0.0039753697016458095,0.0029909508795423357,0.004563050129595841,0.004958550446851336,0.006249808810037559,0.0031161473599261953,0.003135506450682706,0.012240171418474806,0.005121473112136048,0.003337320632619399
Beereshit_CH3,0.003024618650269885,0.0034844300095574015,0.004859428239969619,0.0028972410007890616,0.0030467493300958544,0.004354792676039701,0.005664404586585725,0.0027682442554372833,0.0036205545620385054,0.003847047279051525,0.004028889581385748,0.003959773863722986,0.003278713100874977,0.004156095210348517,0.004937990706714052,0.009064738394362462,0.002892588945026634,0.0030894526680021817,0.0034489526475773033,0.004814537315490178,0.0032688188183797257
Beereshit_CH30,0.0030248177704408482,0.003718409710111938,0.0054066380510054066,0.013953843244519941,0.0071100123362120606,0.006396069310626906,0.011492161659239473,0.002778916821334576,0.004490843561153159,0.011098393352212804,0.0063051007339569795,0.004361572325752213,0.003445392794855247,0.012968614383569978,0.006187670984690586,0.007786411652226401,0.00290491979082697,0.0031798884225047227,0.010519348500673823,0.006889109067279107,0.003426659647213266
Beereshit_CH31,0.006510961863381392,0.005578226704755765,0.006638936180327211,0.002936289657200025,0.003338594162983848,0.010100825642460074,0.010805098382083858,0.0028027873506171366,0.004269879680316095,0.011177754581615296,0.0075675338834795425,0.004965370825991779,0.003029545994886258,0.015388034897870691,0.009132058789781043,0.009501161213032093,0.0033963157310359085,0.003311343930887146,0.013795582392733008,0.007247182033832782,0.0036292810765165043
Beereshit_CH32,0.003024540805083318,0.0035842596814177354,0.004615227252458827,0.0029277140455665576,0.0031084935557853816,0.0045039639098502044,0.006522591159569795,0.002766909551689096,0.004195782382520206,0.005173438207871437,0.004766290677057252,0.004112847432882328,0.005583915147248104,0.0036119077252599946,0.006903775119139717,0.005684512722464441,0.0030697920456114916,0.0031346849949243174,0.004805731827131113,0.005266326256140403,0.003330394844584668
Beereshit_CH33,0.0031587330289537304,0.003454294324599002,0.003859608963156367,0.002899255326240092,0.002999965372106765,0.004378733728233006,0.005771128830414715,0.0027727851600318405,0.0035553306011987733,0.00791515363923577,0.0042512302565618845,0.003258702383636692,0.002997477755144095,0.004351756619562001,0.00387015221932002,0.0033103640198637986,0.002914910845096232,0.0030460011109251926,0.011645181592028072,0.0040878372561491605,0.003215288609896101
Beereshit_CH34,0.003032418437395635,0.004836993089674373,0.004920490525855818,0.0029043506941343004,0.003106969355511184,0.005137147390163569,0.003998195976392562,0.0027606424260268095,0.0037157996745442222,0.004890881156602568,0.004849800962466479,0.004056204135433764,0.012380867464570134,0.0035790665423879003,0.004644878739858094,0.00451841651464229,0.0028526211171601866,0.0031402917251629487,0.0036610272096868207,0.006136322530106765,0.005754554343248721
Beereshit_CH35,0.0030244395466188672,0.003471473366661914,0.0043026306545472445,0.002896420959564057,0.003047659397409071,0.004690471498557908,0.0038797550216945133,0.002757848631863838,0.0036219239120791145,0.006071125227700953,0.0072082940797966,0.0039661357111029725,0.0029937339307930504,0.003532054930471094,0.0047476648785534144,0.004332487540325325,0.0028767953521918847,0.0030993937836145194,0.0035822668808782768,0.004688759873648864,0.0032593242545646524
Beereshit_CH36,0.008829496303090888,0.004670631982440704,0.005543036021755378,0.002908854546173155,0.0031280310021953935,0.004313940959595688,0.004068503254888699,0.002760808274915605,0.004499041445901277,0.006508181874930543,0.005880557190474616,0.005444757425719523,0.002990962801150647,0.003572484743597636,0.00616593285420601,0.004394411761722822,0.0028932858273807965,0.02243744166296386,0.005693348382278904,0.005279530655785155,0.008449813636095373
Beereshit_CH37,0.0030622658345596234,0.0036944322377773756,0.0043902617012930405,0.002949770248253322,0.005748650441299648,0.005387093709438084,0.003993868926823075,0.0027690810960135717,0.003953218059980735,0.00549756584740684,0.00431998573005657,0.004097166382657147,0.013367784159214515,0.006694419558926322,0.005520875321687807,0.003990268577673311,0.0030738830700014715,0.008538464179718666,0.003711924571025514,0.004784041918666682,0.0033480422705749096
Beereshit_CH38,0.0030272686167208077,0.0035855282290776667,0.005996899581072494,0.0029021351699205313,0.003101260978706878,0.004558362077322714,0.004141625466263545,0.48315648686967955,0.00404670682074228,0.01208200304381619,0.006514505076588859,0.00411721459648668,0.027079202171562882,0.006765686871677611,0.004765439224402917,0.005751485226540852,0.003138068462372415,0.0031481571448254714,0.008841417974258204,0.005435887319549747,0.0033401841070890416
Beereshit_CH39,0.0030243989372674565,0.0034828614183724845,0.004835561686161005,0.002900959585915676,0.00304756951796592,0.0040698190372309455,0.00355254194851178,0.002757637839192201,0.0036217397269542807,0.007981727483651448,0.0045381455864335635,0.003965763548883029,0.003942159185180769,0.005843630892130076,0.004725472992429631,0.004182790396662893,0.003048542549993636,0.0030882762243714763,0.003531187969191148,0.006101831949952602,0.0032609974198052924
Beereshit_CH4,0.00308812589722347,0.003485704458758377,0.004863330228315674,0.0029068717447851325,0.0030484218915610524,0.004285270172523702,0.008735030002549238,0.0027704433357413874,0.0036338602086048158,0.009847941392411345,0.004248312570043654,0.00394851250818444,0.0029985356181006307,0.0035609799802844818,0.004637849201986434,0.007064924934168387,0.00285682407602156,0.003090622293179239,0.013355045703802748,0.006498050423767968,0.0032747484745924596
Beereshit_CH40,0.013411628350039659,0.003813159086772882,0.0037147698840420892,0.0031337644529036398,0.003051636077885002,0.004776272262675511,0.0034707796241700475,0.002758918420497671,0.0040158620108311106,0.003504375255597489,0.004226415421265546,0.003944737434367569,0.0051272484261692015,0.004027332995213848,0.00409604138540473,0.006285414488074274,0.0029238150517561525,0.0031100381684553394,0.008369406713455105,0.004781498649962626,0.00569166590078406
Beereshit_CH41,0.0030332635115473306,0.004013486320380637,0.0060566671493678705,0.003130751298514876,0.007183206728939781,0.006755973463716502,0.004731904702745773,0.0027806348132589686,0.005231851719768825,0.006675238742684246,0.007261640579078601,0.007966607705765376,0.0029939443214953196,0.007631474314036026,0.01058900334137188,0.0074089732827312405,0.0029946587397803376,0.004400559828696027,0.00422442613723624,0.008534117073394784,0.003753299780880408
Beereshit_CH42,0.003133585030417901,0.003714992929849407,0.005310696120309204,0.002913864399834967,0.003157982015617624,0.005037167168976184,0.00423918929018363,0.0027682797040547357,0.003890979351211364,0.010556919671861198,0.006082877152548874,0.004360198263085918,0.026371279203921207,0.003695326770713256,0.005736044054885148,0.0048775119848842976,0.0029363950420250753,0.003179364598818332,0.005358515235709532,0.005412790187362914,0.003423328935036152
Beereshit_CH43,0.012043730822061754,0.003581939294255845,0.00526758971174563,0.0029334675574380995,0.0031849214982700084,0.005684459532680791,0.006005821432103463,0.0027814175313925394,0.0039534326381952785,0.00788286882932966,0.004947188323774148,0.004116047612086865,0.013355385290964373,0.008073580948459714,0.006300305203695842,0.005817003428236767,0.010823850347222535,0.009854677254987324,0.0065687183556977485,0.004766630334607125,0.003321582424194378
Beereshit_CH44,0.0030254544298557065,0.0035872326647094343,0.004826858922247964,0.0029061503864766694,0.003101020998787689,0.005600682930225512,0.010243962891175292,0.0027644322630390925,0.0037158870592047966,0.008757151684536998,0.005668618465275081,0.004116347323318018,0.002999154246696216,0.012113432869167778,0.005804444974938514,0.00597242302061944,0.0028680861281595534,0.0031509134742950477,0.009722425486668294,0.005288403876004201,0.0033576191710597185
Beereshit_CH45,0.003035156986921468,0.003479616147758686,0.004822533926039247,0.0028930514538660305,0.003046645096772935,0.00437301316552906,0.0035044075761431017,0.002761296959427628,0.0036215420157747675,0.004044172922695092,0.0043059903575156724,0.0039648702742179995,0.0029909543791366666,0.00551486052151323,0.004053862612905432,0.003321743679447857,0.0028622727572258666,0.0035404547681423372,0.0034149189651073754,0.005301969572647488,0.003338224199280387
Beereshit_CH46,0.0030458004753000515,0.005643745650608118,0.004419803506964175,0.0029057094594092925,0.0031012667279351684,0.00529487755454352,0.004065080586402051,0.002762639259308127,0.004057557062353218,0.005408261350547295,0.005598264571372275,0.004109870585513364,0.0029910510093772995,0.0035799544446919276,0.006912384380920273,0.004576076261847821,0.003006346865067508,0.014947872586419516,0.0035717519385117915,0.004337259265966193,0.011619790497748242
Beereshit_CH47,0.01134083021533236,0.003911161351192852,0.0049516720736914365,0.00291642025410276,0.003159370861419799,0.006953222768709214,0.004265898402227606,0.0027780157301391553,0.003891085836551551,0.005280674487389029,0.006032986927728808,0.005589998865935341,0.014755251724163256,0.006864752274122886,0.005629861953932036,0.0048772295382253465,0.0030363453034010926,0.0031796125452420096,0.00370102764161688,0.005961357520451645,0.00602972653781785
Beereshit_CH48,0.0030306528471484157,0.0034712559156514044,0.006736410513297029,0.0028944397602867584,0.003046815657044538,0.004681990417949222,0.003946786758514749,0.0027576087206850077,0.00362167027009431,0.004215947916387197,0.004325331649653602,0.0039640500655487906,0.002992970097184186,0.0035399698806776203,0.004428126534936549,0.003946016866443015,0.002883172006271941,0.0030880486019038557,0.003449583577809481,0.005015217593990741,0.0032646810078655088
Beereshit_CH49,0.003024388783509771,0.0034719974820595512,0.004487420425557124,0.002909493697035357,0.005203376286921072,0.005629196600733054,0.003644908030039502,0.002777257382930083,0.0036060867562332003,0.009359355412983413,0.0052304167611595285,0.0034249387232322234,0.002992861134049575,0.0036029452555029103,0.004694404484957743,0.004018473227696855,0.002871588593877365,0.0030896426016010993,0.0067168464553945114,0.0049587401920431805,0.008826511367369625
Beereshit_CH5,0.003024400725987579,0.005049914934447873,0.0042650519022090026,0.003047456176841045,0.0030540001272531267,0.00510273335250056,0.0038812901606876627,0.002758630083975357,0.0036208484803434853,0.004108892320761196,0.005695598111595677,0.006848197367236706,0.002990940154677012,0.003544684050958487,0.004983112386702966,0.007036573076596437,0.002887959913016083,0.0030894254233886746,0.0034612182509583056,0.004774673626977231,0.0033393124016554985
Beereshit_CH50,0.0030398324043438203,0.005843500968943866,0.004227724164205012,0.0029100652747892533,0.003046091332036154,0.0044899501026391935,0.0038524199177500103,0.0027580018205321144,0.0034988365971685064,0.005891159068565538,0.00511717491828682,0.003963239178121037,0.003054142058182975,0.004511282056447351,0.00438469693635294,0.004337748106483064,0.002835116010149929,0.0030885838237475942,0.0034483954046528706,0.004317713283541965,0.0032332910315175673
Beereshit_CH6,0.003024576932816639,0.0034837309214547168,0.004758689727090827,0.002926306496205026,0.0031128910122681782,0.004760268588751909,0.0036142005266895645,0.0027564509435185694,0.004000261537656989,0.004105195991916271,0.004244323423207302,0.0053127215647647795,0.0029909160040976907,0.00483886137822838,0.004579689441125043,0.004714652414681154,0.002886075080949385,0.003089576500075437,0.00427178377184492,0.005237946601219243,0.0032991536632495963
Beereshit_CH7,0.003024571732603342,0.0034804005627446753,0.003842869907055714,0.02575543028843166,0.007429727026135447,0.005819282401546549,0.004366170659972115,0.002768028398677439,0.00413644721352098,0.004108923504182066,0.005712035456437306,0.005361801602560992,0.0029909143319918623,0.0035286496391431924,0.004658813355532732,0.005655622086187739,0.0029463102697169412,0.0030893809550011043,0.003462805299297195,0.005653843412852303,0.0032334211727469597
Beereshit_CH8,0.003024368803726959,0.003479789429691151,0.0036857601767753267,0.003618969266440629,0.003046904474637891,0.006050589257956227,0.003856962987074547,0.0029350167073195423,0.004242738751783658,0.004108839182236318,0.005694008679534231,0.005415256242217253,0.0029909206113913544,0.003585587236367087,0.005719988355758422,0.00710223481603819,0.0028340472164875867,0.003186373701492285,0.004043328761091955,0.004766881421224541,0.0032549649275453135
Beereshit_CH9,0.003024501833498795,0.003482680137492133,0.004859026112053503,0.002895641590343294,0.003046829975940406,0.005667234535681614,0.003566968883743431,0.002756786122856803,0.0036212735161726454,0.004107868809930504,0.005710159191319509,0.003430757859543289,0.0029909173803482287,0.003882338678284304,0.0061051218321950245,0.005179393360114469,0.0029430136189949187,0.003089511673663876,0.0034052821806742424,0.005486650170952965,0.0032469819137213663
Dvarim_CH1,0.0030249820488244456,0.006606960261585371,0.006317736567409204,0.002929263447069587,0.0032471727118625333,0.0076163924706339975,0.008524683443195616,0.0027739828168929126,0.0040734461010087245,0.008342631930638942,0.008269435284940382,0.004647688959277025,0.015022456419873065,0.011336484890314646,0.00637127474316618,0.005205549914824087,0.0030495138523421836,0.003814460421297491,0.0038058729552551546,0.006848090164463849,0.0052818444964600865
Dvarim_CH10,0.003024374363107341,0.003480254045363995,0.004888082999060819,0.0029023195448186576,0.003047038870811095,0.005988804162202062,0.00427587284550997,0.002777506789274302,0.0036223759568970817,0.00462525768437896,0.005733341429682003,0.00396559412300627,0.0029909491885803004,0.003562368291637185,0.005214480246080464,0.004213710938450713,0.0028815146539374306,0.0030894562548689475,0.004948818560076533,0.004894209497772581,0.003248598286670311
Dvarim_CH11,0.0030246017141138557,0.0037128328203417885,0.00490146056914724,0.002917880701534369,0.0031576256710160212,0.00602469294612299,0.005019870084261964,0.0027756001600641807,0.003891538800699682,0.004778186622299146,0.0050828611769701305,0.004310826893333857,0.002990998705868463,0.008486441048364128,0.00541873908449763,0.004839582881624703,0.0031599101274518387,0.0031800417963436063,0.0036861991131423555,0.005102755225783146,0.00421509161801393
Dvarim_CH12,0.0030250939002045302,0.003718686568964471,0.0052314923312246344,0.002925871509157409,0.0031871909178066856,0.006612823537395196,0.010266675574571912,0.002773416272024699,0.0038915196206782544,0.005091767636058567,0.005910086189715659,0.004451719979853445,0.0029909580171333682,0.005029156780129096,0.00642207815618315,0.006055122454577622,0.0032461935509495925,0.003180007864681339,0.0038390995516804196,0.005139860760461752,0.0034212671747433816
Dvarim_CH13,0.0030245616785030227,0.003482939406864263,0.0041060818628134476,0.0028984106993865224,0.0030469916309898487,0.005850900045752062,0.010537427178030814,0.0027636403662456457,0.003621687970218401,0.0035638912808418012,0.0047674487028024045,0.003762217540382433,0.0029917884165592866,0.005050089165468001,0.0038076291322669117,0.004043802717429336,0.0034360416360125694,0.00450584380995684,0.003462900254135924,0.0058275229354479,0.003620938016408139
Dvarim_CH14,0.0030243691825354046,0.0034827900306439266,0.003883295999917287,0.0029025570633205047,0.0032298342207305406,0.005667547614918254,0.005906868190505414,0.0027669630411207877,0.00480471242233715,0.004106761416721458,0.0036054656552670194,0.004529877564666685,0.002991104264061991,0.007443488803461984,0.005443263478459261,0.007617713364583979,0.0029220854836336458,0.007674924779406557,0.005195199041372216,0.004335815722436752,0.003232014796178675
Dvarim_CH15,0.0030244148127212904,0.0034793658100565126,0.004816478880935136,0.0029049758216066358,0.0030478533894618617,0.004219308340122865,0.01773262363822393,0.0027619296539480517,0.0036223150982751346,0.005912948868181839,0.005496736048216992,0.003965980734599094,0.0029909899637354203,0.005529710088247292,0.004693608340032643,0.006659272024939335,0.0029114733735876174,0.0047839944161720965,0.0035460606435398986,0.004322811809345058,0.0032483592271297275
Dvarim_CH16,0.003024381960409048,0.003484010074797518,0.00536609009814513,0.002898984820685444,0.0030466015299487584,0.0038133413119585146,0.006397287825363561,0.002757909084416815,0.0036219871354321205,0.003907908049432081,0.005033109505632426,0.003963166791661892,0.0029909284197296086,0.0035536718483682476,0.003864260370469614,0.003932116465720087,0.002827685005565129,0.0030884740276631486,0.0034848571496414217,0.004451404464594334,0.003244406120161574
Dvarim_CH17,0.003024583440838899,0.003965518052714433,0.003687185586311191,0.002900156087797404,0.003046919809421988,0.005280351731181436,0.008831965669395868,0.0027596131500986364,0.003619801711701029,0.004103292279950913,0.004853615534717347,0.003645538160351161,0.012041661117127053,0.0037239563038016987,0.0037231801476862547,0.004104668067244663,0.002838741242707334,0.003521609608630359,0.00346261974599508,0.004596600205684088,0.003270553925486833
Dvarim_CH18,0.003024516622165868,0.0034815484208568304,0.005289410851581591,0.002907591858405264,0.0030529885820765623,0.005703310963004986,0.007049780551233229,0.002765327340629767,0.003621173229842981,0.0037082274676877177,0.006097036321888103,0.003963976570233287,0.002990932169617339,0.0035387512078094985,0.00424796795698176,0.0033207060758695954,0.0029430388945207173,0.003088761522091357,0.0034566663806710374,0.004790021675095526,0.0032506971934291784
Dvarim_CH19,0.003024551728251273,0.0035649728638399818,0.004111317518475697,0.0029777724786522464,0.0030472164372721726,0.0056349446782219875,0.003490119213462509,0.00277532068569623,0.00396387092941381,0.003925518113717297,0.0041991069320678085,0.0036325655760651773,0.002995698685783093,0.005512442012055664,0.004486269387266899,0.004130056162560778,0.003130529134105621,0.008853208287822635,0.004200725374148507,0.0045682718802543595,0.005465042682196702
Dvarim_CH2,0.020750451069016556,0.005056465222995254,0.004674290510299058,0.0031163413797890586,0.003156794301723136,0.005684122173532114,0.004289259336371885,0.002785607114867701,0.004266779095208395,0.005844538910845059,0.005552622232412965,0.005196311058582497,0.003023587795725978,0.003949617177913551,0.0050857843733247655,0.0048041675992410325,0.002906295501588296,0.007682005028093829,0.0057839059940832625,0.005362321093137861,0.0037578312342736175
Dvarim_CH20,0.0030244575743093483,0.003474093980707045,0.004452573128206882,0.0028958908488757235,0.003046285604639984,0.005186842132136264,0.003642668605332254,0.0027624395443294437,0.0036217020740884746,0.004043056298062048,0.0043062631707918,0.003950021864495785,0.002990956176600831,0.004716810870812781,0.004598936679739062,0.004328100313788921,0.0032376829203342506,0.0030889257051990152,0.003458532450336595,0.004483785934392987,0.0033086719088906928
Dvarim_CH21,0.011503102947841877,0.0034795603682655617,0.00518247353952405,0.002898072203360775,0.0030470265618549775,0.004956899310803782,0.0038369608407063925,0.0027621800098088095,0.0036245704273199348,0.004891448141880654,0.004167446787970254,0.004517387022141948,0.002990967469768842,0.0036564790243744758,0.0037005477205668395,0.00427952592167682,0.002867237592650599,0.0030892583347729304,0.007857142374736028,0.005824213222187671,0.0032448386109578233
Dvarim_CH22,0.00894667044936484,0.003582322512713678,0.004242144446959231,0.0029034753231829426,0.0036521449637309297,0.005282686157240072,0.005927476048180299,0.0027640749283149514,0.005513458079257893,0.004253618547969255,0.004996446850449866,0.007832236408520684,0.0029909268739812802,0.005431574415981948,0.004694375426375516,0.010546324074801296,0.0028810705268412545,0.0037300979914576936,0.005139843553670876,0.004580819559098099,0.0033648796221016847
Dvarim_CH23,0.0030245327520186213,0.0034804475309685914,0.0036766964503453466,0.002904777035556047,0.003047807762221652,0.004303747925707497,0.0072418257988998294,0.003004215890147378,0.00362155897595019,0.004207489253247279,0.005006749751562082,0.003954322652116549,0.0029909084558649587,0.00673473810407594,0.00421211098266401,0.0034025187802664077,0.0031116194300188395,0.003089266345604269,0.00458775402309015,0.004036894662128284,0.003251602260871837
Dvarim_CH24,0.0030244863567915423,0.003675764955189326,0.0042030462199857815,0.0028996305553717155,0.003048561522556619,0.005229218855771363,0.0048420251553381154,0.002765336519289643,0.0042289202354114635,0.00450114941194068,0.004548247817591091,0.003641960285180341,0.0029909672699173187,0.00493864087413085,0.004989794587202374,0.007114467503241926,0.003200762598721239,0.013849035930503205,0.007538064694687812,0.0045553169324302045,0.0048885045181688205
Dvarim_CH25,0.012982323842199939,0.0034332081892032478,0.003688000515455572,0.0028896241845653594,0.003020184231704096,0.004572130417722609,0.003802834794200228,0.0027668196641234127,0.005451794826945516,0.004757729519466368,0.005430875110329703,0.004589161124581421,0.0029909244192608078,0.0040122015737816125,0.005627231108540674,0.006908816841111201,0.002830887775762757,0.0032282531840209855,0.009466255303066258,0.003917653720820014,0.004268279868730448
Dvarim_CH26,0.0030243225100340786,0.004007972130480184,0.003675349553543425,0.0029117740399109944,0.003046684301143433,0.006785035885613062,0.004181114635746904,0.0027620315687232277,0.0036220843515784988,0.0035031549094678323,0.0042679901431853665,0.003964227565532834,0.0029911328692204006,0.0035678315270654608,0.005124430898328898,0.004336263000293259,0.0028689888255095048,0.0031005049190157403,0.004284901955314249,0.004543520785597944,0.0032415093995623798
Dvarim_CH27,0.0030244329511432046,0.004008333451530476,0.004814021279855617,0.0029086161445493965,0.003047425564445318,0.004192731097170934,0.003840876611564898,0.002759147886994573,0.003953247179363459,0.0038469788969294006,0.004129043385149426,0.0037452027361315984,0.002990915735129801,0.0035478768671349673,0.005227959372148961,0.0037228788667362078,0.0028445185057470227,0.004729656080903853,0.0034794159678574366,0.003713941331724467,0.0032313954283879546
Dvarim_CH28,0.012204815756557685,0.0043291681913318674,0.006814625028605905,0.0029701899621021313,0.0036609437869772913,0.010244733236820444,0.022294551192048227,0.0027908152130835953,0.005241714895500021,0.014003883058009033,0.010107023887710752,0.006536732852590309,0.009425421920985944,0.014787182565100405,0.008436295942311415,0.010199661080764366,0.0032999184864292994,0.003539076077787996,0.01245403186667015,0.009493952942948468,0.0064989242378882045
Dvarim_CH29,0.0030271240062190864,0.003585019180442597,0.005043648741021116,0.002903290927564677,0.0031013394763813548,0.00510403777806326,0.004054045336325247,0.0027608874012938467,0.003715699936707976,0.004629557079358122,0.0042669068485513455,0.003974356326774932,0.0029909299159144474,0.003979863594428127,0.004492025914843086,0.004363226751754501,0.002888985377205628,0.013271931474852774,0.0035796787125437477,0.00480417490356748,0.0058081514894918465
Dvarim_CH3,0.0030246586781428565,0.0069375838838671945,0.004390603971797945,0.0035593226045674484,0.003214066597092966,0.0060695463096513665,0.004019325587749048,0.002778438581504481,0.0037247493053933368,0.005295580429654544,0.004963371098494776,0.005198637615804582,0.003022776527555618,0.005643455201564327,0.005152837287857264,0.0046138285545994084,0.0029045189932035914,0.0031352391196045803,0.005703766823122594,0.005867638244800245,0.006969049915638924
Dvarim_CH30,0.0030245972681896913,0.0034841260467917867,0.0047061937471674815,0.0029041667388189822,0.0030471354340979267,0.0047294425228276826,0.008555384897728223,0.002766540189755462,0.003622267772607155,0.0044698907938743706,0.004959977825864149,0.003964807589593525,0.0029937684493471914,0.0035387551317234505,0.0047318865836259915,0.003898266746256408,0.0029116575238470072,0.0030890180195664693,0.0034628196700852354,0.0040375451423073925,0.0032494639974561634
Dvarim_CH31,0.003027365557092781,0.004773995879253342,0.00551622025689996,0.0029213676680706277,0.003157271041830102,0.005576128505315104,0.004278361429268108,0.0027755909814043047,0.0044217422102967785,0.004408087633055294,0.006117204853967917,0.0043658825663075865,0.0030103810228383353,0.0057997369062403065,0.005642443351265724,0.004440453580637924,0.0035877561742241994,0.007866911825479456,0.0038536827579559478,0.0055401172701615336,0.003421704990346914
Dvarim_CH32,0.003041766470046056,0.005178704635038723,0.005408804435626053,0.0029223023553030234,0.003247122008463986,0.007638037410859497,0.016576058070966054,0.005456845279129801,0.004073442525452572,0.01168640535409279,0.008453692993879835,0.0046484010162602665,0.06125140022959619,0.009647430982873663,0.005657201635327835,0.006432053291465341,0.0029094007804721287,0.004607086628551915,0.01687361523219617,0.0062335259489619205,0.006244839011231896
Dvarim_CH33,0.003024528395128756,0.00458753366159002,0.006729350547510629,0.013995150360084061,0.0033162087695089394,0.006297345549049929,0.005065628998094096,0.002818783539242557,0.003620797172061344,0.004603029046783979,0.005289169707184083,0.0037407512283296994,0.013789766383019436,0.005513079843968452,0.0046660272869720396,0.0042583832946198425,0.0029750738180757924,0.010575758747024593,0.004839786612742504,0.005012668864622462,0.003278366638746626
Dvarim_CH4,0.003025163229537817,0.004167218131215664,0.0069700956411152355,0.002946952045061478,0.0034307390937270642,0.01076707154895243,0.00867797235426151,0.002787651107470451,0.00446679469540952,0.005345013395731056,0.008477397480083082,0.005297066356152246,0.0030263106732643136,0.004814175686302886,0.008758007376538588,0.005967373674628944,0.003142448349914379,0.0033982370436690707,0.004079360800360796,0.008883781623901486,0.005179771196768769
Dvarim_CH5,0.003024617304842186,0.0035858659892993388,0.005053991857865884,0.0029254432335107153,0.0031023119772681396,0.004603008516293262,0.004044092815839828,0.002763344750096533,0.003716446686349788,0.004261458115717485,0.004846869770171258,0.004117323116913478,0.002990935256651245,0.0039053583998564997,0.004749417145132797,0.004553132174332749,0.0030829822592889815,0.003134365919521288,0.003795147744787196,0.005521571606567968,0.0033370115987801296
Dvarim_CH6,0.003024634075262635,0.003484505250293437,0.004491953844413928,0.0029231292390578287,0.0030487965090971137,0.00443653033587547,0.004460487713755272,0.002768447451976609,0.0036224295816152637,0.005174240474806642,0.007434824409314932,0.003966629909418131,0.002996365252716063,0.003564071651997331,0.005624699602005791,0.0034321713949829204,0.0030195045816403996,0.003088834588076099,0.003419007432872332,0.005369680814182861,0.0032567731235676814
Dvarim_CH7,0.0030245549660871565,0.0035857382141579273,0.005098787177465756,0.002921429258238886,0.0031027913854787237,0.006273879913911906,0.007720275105479991,0.002763868883226009,0.0037164139785488587,0.004469503633021347,0.006607988172000232,0.004117508418399977,0.006818477760147812,0.005620436174348683,0.005501055264193728,0.004131126100710362,0.002923403421764575,0.003134762864487754,0.0035677920363385613,0.004216168760459939,0.00338793637679888
Dvarim_CH8,0.003024480947047952,0.003457895426472824,0.004789757508074893,0.0029028785584724556,0.0029965437689847972,0.00411160393377296,0.01053563614005067,0.0027616036532696945,0.003558880628260135,0.005576981946058271,0.004435096420478185,0.003891678787990688,0.0029909426060069134,0.003701042156726499,0.005641398020736849,0.005181456294863977,0.002839535616375291,0.003045441744649941,0.0052610144818231825,0.004220788041178677,0.0032163583478519004
Dvarim_CH9,0.0030245973392540254,0.003587338393083902,0.004465480003599195,0.0029016432895160944,0.003102043561271856,0.004913277090824222,0.004509859422794871,0.002801158296741888,0.003715780009847793,0.004431565831568443,0.004739702934171135,0.004114292409678304,0.00299092948222609,0.005017462550952958,0.00586715933586607,0.0044291723265029465,0.003002858842507296,0.0031336944697431647,0.0035707367912803027,0.004933457816486732,0.0033245820006251327
Shmot_CH1,0.0030243769157425717,0.005793034393960498,0.004129246862179892,0.002902120963897442,0.003069580857444426,0.005669440643363101,0.0038158832206976233,0.002808852862267662,0.0035554531946522796,0.00403085574014442,0.004171127439999177,0.005009159793032474,0.002990913483728282,0.0035566853380312865,0.005470300491846831,0.004254272997333625,0.002982818961338375,0.008188118481958736,0.0033859611169124175,0.003947810847521653,0.010383615451124787
Shmot_CH10,0.0030247151164418946,0.0035873551736299238,0.004353536208697249,0.0029077167086369584,0.003102259390068078,0.0065620712912180966,0.005786492040693492,0.00286254232544351,0.0037191751754843466,0.005389570443998248,0.005015771711307515,0.0039811640792734955,0.024133679789578335,0.003897699278094337,0.004526422314824485,0.0044126367571550055,0.0029032227198090613,0.0031359030695703753,0.0036250024061918068,0.004232438744017172,0.0036929764749418534
Shmot_CH12,0.0030263452043789614,0.008445665294027632,0.007717476614543003,0.0040451468536066735,0.005587095474544779,0.005908312647711818,0.005136613950386916,0.0027953168709945442,0.012558845406903024,0.0049621288435627315,0.0077106646743994,0.008267484589808216,0.012502532255283808,0.003626232057733969,0.008734348774656113,0.0057380792827822005,0.0030907057378151653,0.007660636921494166,0.003934773271203416,0.00917827669702454,0.006627444666884483
Shmot_CH13,0.0030244230040210643,0.0034715972096358,0.004066685384869556,0.0028946596836908313,0.0030467584745841724,0.004658343299472708,0.0037594789709812166,0.003616387560099222,0.003621593436170343,0.004108231530376567,0.004187107968567593,0.003707514192688828,0.0029909193799504655,0.0035510081135299697,0.004493069951836468,0.004224595461157061,0.002872888478061295,0.0030900300610813692,0.0034064226843263635,0.0055382891425524395,0.0032452419622832165
Shmot_CH14,0.0030245493948150306,0.0037807193728844994,0.004302769990050137,0.00290900888456623,0.003101464781144358,0.005189004486811081,0.004061926158236598,0.0027637327858554325,0.003716180449714223,0.004248062328592451,0.004885722144071275,0.004115321246642417,0.0029910814466450717,0.0035394098826262224,0.004761875843786594,0.004567005813208408,0.002858178122046487,0.0031360675446888966,0.00356243080776791,0.005209434613058487,0.0033238348544175934
Shmot_CH15,0.003024402464943836,0.003484263529337754,0.004211972963745079,0.02949639639243881,0.0030478783340098944,0.005657433879182248,0.003461270689767768,0.0027721527820169295,0.003644577028329287,0.007828552157682212,0.005351888910596378,0.003964593813413222,0.014785264096477728,0.0035269605767972536,0.004347367469932697,0.003795819359452975,0.0028953728636538843,0.0030905477866075733,0.008071869290301738,0.004576944748333141,0.003253907190190217
Shmot_CH16,0.0030250960059210056,0.0037332755316521627,0.007528874625955782,0.0029208005341944767,0.00315742926248363,0.005695996492676502,0.004263994668046088,0.0027778027219289275,0.0045343914421802686,0.004471675895620977,0.005988429039247419,0.004365461020471744,0.002990976655540162,0.006009297785419675,0.005087946603619894,0.0048977598536772025,0.002933293373930642,0.003182521270314079,0.0036918961721344097,0.005432809196754291,0.0034522808986259266
Shmot_CH17,0.003024432812466823,0.004506828126544564,0.005965359855564826,0.0028912569261662314,0.0029952009204833813,0.003886928233601812,0.0038144725610022847,0.002815601709320686,0.0035582004877970546,0.0034770762017957402,0.004984694029531657,0.003890689025702361,0.0029909118298692794,0.003573707568956274,0.004127856408399491,0.004260085787049129,0.0029526255403772013,0.0030462520407265195,0.0033886867929381627,0.005750508446995547,0.0032349797217934555
Shmot_CH18,0.0030244828953517964,0.003877880134012306,0.006878430135869665,0.002906875977613465,0.0031013910587164815,0.004494422415090715,0.004537089878517945,0.002763265623718291,0.0037163356457545122,0.0042464811261129255,0.007863453275199304,0.004106947212149669,0.003086732452387433,0.005438745903398546,0.004466947477122829,0.003965422824296952,0.002866392667931045,0.003911186420732271,0.003574063470021954,0.005669531698668917,0.0051807603616852715
Shmot_CH19,0.003024435926104365,0.004020729071766848,0.006730569479054302,0.002895617049115025,0.003047814588975767,0.004624814188587693,0.0038769713905135775,0.0027625936825142593,0.003498801259013919,0.003937313513603423,0.004342179635884552,0.0039649082966654835,0.002990929338284397,0.003523533632375089,0.007233485940344382,0.00403157546745011,0.002926169286444826,0.0030889244203512185,0.003967024079482533,0.005223938182946,0.0032725952824973425
Shmot_CH2,0.004024689295151756,0.004672590926317574,0.0041108621159405894,0.0029054224604762448,0.0030476358531375883,0.005311515530484062,0.004524929711177988,0.002770770285936284,0.004474439223279882,0.003554645229050801,0.004513181542529168,0.003784501516792635,0.0029909194521236158,0.0035363206048654476,0.006049755454648302,0.00600480300832994,0.002930942750031369,0.003088999973295143,0.016141527824431706,0.00596273766463952,0.0032671414729957883
Shmot_CH20,0.0030243904965713943,0.00362595770525447,0.0038164975502359482,0.002906347181173929,0.003046840771033508,0.005151937736622715,0.006911435579885084,0.00323689460150055,0.0036213165246109817,0.005366729464896314,0.0036254942259637836,0.0036386614493662565,0.0029961716815534454,0.0035395919300457305,0.004381882673624267,0.0037288529907841695,0.002837860210093781,0.003089646378274926,0.00344491642667098,0.006081722643840018,0.003265344655781341
Shmot_CH21,0.003024532908477323,0.0060688504677848,0.004929312000955951,0.002902186314474871,0.014802759862989052,0.004224124636217825,0.005927986363645859,0.002762444608417651,0.011251457065259103,0.005439114276202087,0.0048545621590446505,0.0074603091052524,0.013513268204913824,0.01413425314478834,0.003991682596619186,0.008996829869805451,0.002946259718665344,0.0031345623016934276,0.004370085275024031,0.004837059310133036,0.003334054634939297
Shmot_CH22,0.003026987651450165,0.0034748242134100965,0.004152290242346348,0.002895763804677344,0.003062258692024873,0.005004398471817164,0.01161890597241695,0.0027567437111180653,0.0042341261770395145,0.0058218057337173995,0.004035165227883442,0.003946973765862665,0.0029909400334569734,0.0035391936952355266,0.006366140715624459,0.008640410837271836,0.0028527836026831775,0.0030892521538763325,0.008403454664687181,0.0042602818185992625,0.0032424823950402038
Shmot_CH23,0.00999816383372272,0.004007255898792203,0.0038862689096832385,0.002906947613644966,0.003047284608552272,0.004796861533967434,0.007539491604447086,0.0027605807074517806,0.0036210038109198957,0.00733498941430204,0.004026730842456781,0.003964455637005027,0.004485591612010793,0.0076997059394639,0.004358114460479825,0.00784439802015861,0.0033845626115395415,0.0030883058926751456,0.003471835926934637,0.00468020118142479,0.0032472153827795684
Shmot_CH24,0.003024507987663865,0.0034508962223419207,0.0057890249217097045,0.0028963209088223602,0.00299595819359668,0.007655755471212103,0.003820158164237418,0.002760414858562985,0.0037715659782179825,0.0038973365150536204,0.0047201643358071935,0.0038904147733917803,0.002990919730198174,0.003585800081790087,0.004496595193582995,0.004260144266523692,0.0028267895297939775,0.0030459798671349176,0.0033887394491824954,0.0037860000506810035,0.003228131078458726
Shmot_CH25,0.003035887081005307,0.0069356402397989965,0.004582824545138028,0.030099302025298622,0.0084784288369598,0.005694441456008412,0.0056738754416026495,0.0027651336392558305,0.01259440625439189,0.004192179087951437,0.006132518362172583,0.00905659709397531,0.0030767460691994136,0.0052894654213881944,0.004870856129544341,0.008141123810612182,0.002907317354988441,0.0031548365136998997,0.010816526334533014,0.004865052277075868,0.005464199429435624
Shmot_CH26,0.003024622986450788,0.007067471944739828,0.008050851910918025,0.05504370372108861,0.013275371489298658,0.00591880200326213,0.004820308102410492,0.002764568360409669,0.012719018241179198,0.004262123698775335,0.006126164134492083,0.013231201243869435,0.002990955867920004,0.007556562662699727,0.00694302489145368,0.012211172607355904,0.002860261547530175,0.003139831812920749,0.00509706719368747,0.005323050634961331,0.0052587150004863225
Shmot_CH27,0.0068327994141753855,0.0045577622993111305,0.0037987906933544995,0.0037285869301102712,0.01501348331812886,0.004028302854854916,0.008181176165206548,0.0027619014849573974,0.010261339079897076,0.0035113665620429176,0.005579943109937242,0.007083293585703051,0.002990949687506949,0.003964206980699932,0.005105126523133633,0.011364855167948098,0.0029142031303738703,0.003044459828922396,0.003388350825499154,0.004001856430290632,0.0032067969610970167
Shmot_CH28,0.013629584497576027,0.010135437214463777,0.010205871552990027,0.027633096068569337,0.010775999404023242,0.00621203264715812,0.004550084972140285,0.002766488915862361,0.009185529257503636,0.005022100458303094,0.0060666440006137134,0.0074837015051492815,0.002996701520630006,0.00918083630484203,0.004335029694046005,0.005273049303229189,0.007096620210852047,0.011978167413593845,0.007349614439828525,0.00760247293348616,0.007208456419421329
Shmot_CH29,0.015352336907276862,0.00787721371476453,0.00716660325718832,0.0029449600732360725,0.005828190018385118,0.007227216857985108,0.004481272133884965,0.0028586632338765696,0.016367586601332963,0.004716232652096887,0.0066546345606630425,0.012509432630536018,0.0029909904507665237,0.003975797685335735,0.00538096713277344,0.007190791291089058,0.002924941618048892,0.008577172689519609,0.010079783209127531,0.006236871771100988,0.01232781173295476
Shmot_CH3,0.003024336806615684,0.0043221966868204915,0.006154566116168729,0.0029103054123166307,0.003047962462243436,0.006470068251964171,0.0038763063766296315,0.0029912901215032634,0.003622028194821517,0.004558068056686844,0.005403287659554356,0.003966043602277053,0.003003581688471218,0.0035924219154117544,0.005722596085374682,0.004339528029465218,0.0030067873813742845,0.003093023075089011,0.0034596095915541795,0.006164412177731464,0.00324711522609395
Shmot_CH30,0.012037264454576497,0.0063685109465893485,0.006491306369929395,0.0029193453328059827,0.0059224521308129194,0.004544158118741448,0.004060332250127151,0.0027670801481605857,0.004154681412838422,0.004174377766311592,0.004970474851263521,0.005100299016005184,0.002990935315983487,0.00429270097556911,0.00520747641907741,0.004857976645819778,0.0028814641028858333,0.008963823929956087,0.004521173808397371,0.004431176597224907,0.005651494739240994
Shmot_CH31,0.0034328472907519574,0.01067551034549324,0.005210229426639451,0.002893775677473673,0.007729397143237179,0.005318988663944475,0.004063795708903587,0.002765258658933453,0.003533064403934818,0.003477303207897272,0.004114730721667541,0.00718047617254162,0.00299091596212785,0.007512999644156079,0.003825926580675938,0.004027807356175144,0.002831270519439136,0.005758192749228081,0.0033745664166310585,0.0045081781374940715,0.005484649476166409
Shmot_CH32,0.0030246940839376906,0.006795644596820308,0.008987138111225383,0.0031931842258541236,0.0031576283176479427,0.006853227413681972,0.004246287876031607,0.002769357721831906,0.004320399810024591,0.004597085385274878,0.006986496690192532,0.004559622866174199,0.002991001514435831,0.003705132312474368,0.005415467095182638,0.004899428173877168,0.002933542518399229,0.0034953778494014303,0.005683939042691591,0.004710429937929504,0.00344632548606034
Shmot_CH33,0.0030243514643524547,0.003475540363786595,0.0040110394471641764,0.002897430231599691,0.0030473678041403347,0.005530448497298438,0.007239783437771498,0.0027856248391764276,0.003608730404819739,0.006437233800853468,0.005174214464896567,0.0039658008601874805,0.00409829787709123,0.003625847630215016,0.0055747728921584135,0.0037489005843940088,0.00284382162339286,0.0030890326201096136,0.0034283342599148886,0.004026941585465658,0.0032756435509556344
Shmot_CH34,0.023605775066453203,0.00483316866671205,0.007554951945646605,0.0034174273074611674,0.003161358456327863,0.0060434123598485994,0.004315323433940568,0.002787688771626494,0.004577328690210278,0.0044515934976355,0.00504735006246878,0.004375969052977175,0.002995734119144058,0.003616837932096206,0.005191482919335616,0.004822090120766543,0.2969464348419512,0.003184457239066002,0.004234808517457891,0.006609982886937387,0.004093209741289638
Shmot_CH35,0.04705961145489964,0.0051369997709770476,0.004439762426487997,0.003981232955390442,0.005897644226688816,0.005482300653009736,0.004627543786911314,0.0027669120837331995,0.00405836957083648,0.006094581032608011,0.00423764793711664,0.006249170344338269,0.002990963630404303,0.003557704993347691,0.005540185878554014,0.00489120388309142,0.0028458833841401494,0.00450960552796049,0.009627257529152554,0.0075684974733898425,0.0056628016071502965
Shmot_CH36,0.003024652581739958,0.003930568551782704,0.005542667950541548,0.007859367562432744,0.005605295693429794,0.0054390511798351636,0.004698366449745105,0.002767547310297727,0.010118258774075394,0.004734967360860326,0.0055218450642974355,0.010081177651924551,0.002990983092891607,0.010293870850823679,0.007771858082671398,0.008423878796666335,0.0029032804924394584,0.003179705278158367,0.0036815191323864302,0.006168772830785369,0.003442767203377466
Shmot_CH37,0.011479027777709276,0.008074769248692349,0.00458876960963646,0.02403850042963532,0.0031354846112039347,0.004776808555791026,0.0038641828685077586,0.002802120156995799,0.010416650064517734,0.0058115080064489125,0.005710588870377543,0.008439361573703537,0.002990912540045061,0.008919043826011904,0.005482398557975229,0.008670505469634283,0.0028228248830329907,0.0031071347969157566,0.011222303319646397,0.005451260779749224,0.005718892016326525
Shmot_CH38,0.00302457463677258,0.0038768546603903547,0.00489448130862734,0.003097807094072497,0.0037983298109675536,0.005182614997884628,0.004660977304262514,0.0028067696229813043,0.01513223950940417,0.004860848396200597,0.006132651591081039,0.008242780780078928,0.0029909746480049995,0.014234395094127963,0.005113458459118356,0.007978506413947227,0.12423233624393049,0.0032988211375023255,0.0038517357462793437,0.005639250428447235,0.003331274641803377
Shmot_CH39,0.023166563584576704,0.009119594604855438,0.00909517450136002,0.007253036252170918,0.008582722119913332,0.0064624336297082925,0.004727883471572374,0.0027806253180935794,0.012096916092632783,0.008989408471484755,0.0057395119557062954,0.007453660488443896,0.0030110219667213766,0.0076532621665978545,0.007327951970452666,0.004913425005551377,0.009730135016442633,0.008994930856775975,0.006074018235901299,0.0047960025066081675,0.0035379063773581035
Shmot_CH4,0.003025116066096104,0.0035834451417043347,0.006516294295813129,0.002922045790405688,0.0031026322225503034,0.005278369499275625,0.0066307855444720926,0.0027665420887885393,0.004048181362506523,0.008783234034421451,0.006069129561595009,0.00410416982986594,0.00306556884992444,0.005758279105914782,0.005239618528659398,0.004048116407371842,0.0028899314040283773,0.003134971097434079,0.009357714410890389,0.004673479350420657,0.00519351649290687
Shmot_CH40,0.016359703360237322,0.004000445500156347,0.009301089265893504,0.002902293783470222,0.0031011785160720354,0.004783549969142118,0.00406915034324452,0.0027615356045844063,0.004121668851372744,0.004262188039084112,0.005115104906270835,0.005326722321540606,0.002990935026696329,0.0035820444470316347,0.004384418880468815,0.004524566560144178,0.0029540120835067265,0.0032811234736108454,0.008421074395120612,0.005149151559998367,0.0033334372060115254
Shmot_CH5,0.003025015180077391,0.0034781109973621234,0.006976833395189879,0.0028955635950052264,0.003771657101289746,0.004278498768313736,0.005628732913358006,0.0027586655325928093,0.003621828030945019,0.006821196121273745,0.005703162725994436,0.0039660621591594124,0.026390706985641357,0.00421388805587949,0.003795115070233386,0.004340517226277165,0.002821315573063872,0.005741558206851691,0.0034628281184499073,0.004990831021739535,0.0032586059765002096
Shmot_CH6,0.00302447528187129,0.004500023629191654,0.005808928935984483,0.002911684739813258,0.0046428717076535606,0.005167404552205984,0.004061085935830308,0.002770367690923788,0.003715580651463202,0.004218930566260384,0.005365717335765884,0.004021967784112772,0.0029909376778019933,0.003644995724278085,0.005077938220952454,0.004575173517292551,0.0028986659035865068,0.007902624695608415,0.00359317742510322,0.004118692346323218,0.005409060416563726
Shmot_CH7,0.0030270864172675933,0.003584701282956805,0.004274238304436134,0.0029104193681954026,0.003102170527036717,0.006742299206985543,0.003969697866059595,0.002770428459982278,0.0037163741610313538,0.004258804191298248,0.0075554893403237105,0.004117391905515649,0.0029909465931593797,0.005607206287441634,0.004634028944777432,0.004574729387152229,0.003024920765740108,0.0031336981490800372,0.003573467338620383,0.005004433968658971,0.003327528410946647
Shmot_CH8,0.003025388498726208,0.0035870097529905284,0.0048444699227153535,0.0029112828623632622,0.003101957450867819,0.005767703628393576,0.004057165045965986,0.0027693111955214996,0.00371631372154117,0.004682341340327333,0.005847621604018652,0.004116713448723773,0.0029909675506934637,0.003577731036343549,0.005242887960860308,0.004574862479020541,0.0029219157765318546,0.0031343020762129655,0.0035891168587248805,0.005820601075909878,0.003347447353372198
Shmot_CH9,0.0030246540918828367,0.0037191058393039426,0.005292563037629346,0.0029190875344683913,0.00315759186794426,0.005050599414608497,0.005817735964766838,0.0028832978074674353,0.0038918616718679427,0.005321273602056694,0.005526108973604953,0.004478717716207836,0.013352914400929708,0.003612182356181567,0.005403039654102549,0.004680757364599817,0.0029194423857929882,0.0031800220856103615,0.0036854842248883082,0.005664331340799712,0.003783866011802659
Vaikra_CH1,0.0030243501019067676,0.0034561969438364894,0.005018409710424036,0.0028889976685477297,0.0029943266601259377,0.005027016101574333,0.0038239542685524954,0.0027571925159354544,0.003544573080847897,0.0040310002584473485,0.005453222912712608,0.004997149183491199,0.002990912612796848,0.0035624662509312426,0.004768437662462095,0.0032827261849216307,0.00283397861148899,0.0030454513226062436,0.0033804519519380067,0.003724128039147311,0.003220482320650374
Vaikra_CH10,0.0030246655584791004,0.0034725515799332285,0.010182167840003748,0.0029015451962355002,0.003047775647254861,0.004532943587530885,0.00415282251987657,0.002764576906058519,0.003621910229065626,0.004108555813318424,0.003923596352589064,0.00396508758372563,0.002990926057132633,0.0035555015697947712,0.004981714582354864,0.004339712111934289,0.0028581492357312886,0.003132250140213694,0.0034437639301924793,0.004607096552113331,0.0032613938777097916
Vaikra_CH11,0.003235558174519783,0.005003580617312957,0.004831890968817359,0.02592548966168019,0.008584788092395124,0.005267221337203236,0.004518147887171506,0.0027725541110073734,0.014408586909264824,0.004471857558560069,0.006722218229245661,0.010505243844959477,0.0029944976544032595,0.0037597546668152095,0.006088517400814421,0.010675272006257739,0.002878384099527799,0.0031981046538870615,0.006174839570316057,0.004904796958470976,0.007984535623044275
Vaikra_CH13,0.012125662780146016,0.010434239821168194,0.005989581121956733,0.0069756906550264034,0.03565957067306459,0.008127613723406913,0.005466905646748216,0.002787329854374788,0.032335311870059724,0.005207871564611419,0.00846369865504505,0.021670233041618758,0.003038212535198206,0.01911711839661231,0.0110476415606273,0.018692187971535396,0.0033950663979035755,0.014791067079364091,0.004034641961119048,0.00909056500239611,0.04198044929627923
Vaikra_CH14,0.0033623510302279265,0.004724488424754943,0.007410232603755963,0.0030690866360300645,0.016141164792499746,0.008028374633281798,0.004903387257164264,0.0027951339308080487,0.02116848634302929,0.005207782896061216,0.008643679480607106,0.016039061433277702,0.002991617201056401,0.00927973558441332,0.008194998642062287,0.011979523285360213,0.007124733817118933,0.006722625377597064,0.01695864889603545,0.008780872824265701,0.010075776517736043
Vaikra_CH15,0.0030246703280783554,0.007156173634508878,0.004343351609305776,0.0029624174550523016,0.00330196438470766,0.005579803418993811,0.004034086242989824,0.0029015240939372308,0.013492416848526537,0.004262296389463527,0.005962631867454693,0.007722034178140292,0.002993718547380229,0.0056981865990105825,0.0062231620600032055,0.008983474987470302,0.0029522030780174237,0.0031372755692944234,0.00511931159027282,0.0077072277338999596,0.0033224623599032973
Vaikra_CH16,0.018641530551038458,0.006956502952020391,0.00658513325939699,0.029663072930872097,0.008893483628985337,0.005742368552336731,0.0042721463665150354,0.002775038046273149,0.009689823938885466,0.004471823935770624,0.006473687147329054,0.009188568159407391,0.002990954187302613,0.003592268756449713,0.006442325035074565,0.0050516593816137285,0.002974889667816402,0.003182793443905681,0.012594682890394707,0.005724779928755965,0.006204564520336452
Vaikra_CH17,0.0030245284163838227,0.003454128684879736,0.0049892083933180745,0.002893671880234899,0.002994582037898342,0.004762355233490723,0.003814829238761409,0.002756027142636705,0.0035574680886748724,0.004030623904131352,0.004257617547509928,0.0033844329946491024,0.014879591283865852,0.0035819457242791067,0.0047427114454593544,0.003281148532250971,0.002968473295052948,0.0030452766222406735,0.003388627249380808,0.004677867602245304,0.003210321881770775
Vaikra_CH18,0.0030244370720686857,0.003482749145105072,0.0048257965341848156,0.0029094327885596616,0.003050977858289492,0.004258941944783476,0.010876872586214484,0.0027595207304888496,0.0036219918579949504,0.007649417371263356,0.0053097561290797665,0.0037548215158809293,0.0029909077846417614,0.006684383983335656,0.004618855124789366,0.006738958688668002,0.0028969291138852002,0.0030912769182648123,0.006878307004555497,0.004581267756466343,0.005485428800150446
Vaikra_CH19,0.003024560450040195,0.004895226980952984,0.004329974619526423,0.002915420506078875,0.0031010859548602147,0.0056857683911765945,0.009142969519607625,0.0027846519012295627,0.004066004222348713,0.00781330931782865,0.0044570216633137245,0.0041116207216862835,0.0030005959713812528,0.005002565213836794,0.006144474825554038,0.008851252191595323,0.0028642623021851595,0.0031348350933746894,0.005261671979098278,0.007894056349379446,0.003324193414051995
Vaikra_CH2,0.0030244427907941012,0.0045685801641617944,0.0038458771915954493,0.00494089508944531,0.022388919811116938,0.004714072770911242,0.003820302092193217,0.0027557223478277162,0.01664788148581175,0.004031014046672415,0.0055782221167978395,0.007152661375725179,0.0029909167175306384,0.0035496172900823845,0.004439571141186377,0.003648220927625809,0.0031074742437878626,0.008635627942371696,0.0033869432502174335,0.009153053373354363,0.0035576644930804422
Vaikra_CH20,0.0030244699449462754,0.0035861919724790004,0.0043937277140144605,0.0029165271044539706,0.0031203023968739115,0.005483250542968024,0.004058134480092721,0.002762378458765441,0.003953549254001657,0.005461087522087001,0.00502820889035882,0.004940225289085116,0.002990936433600349,0.003580574505562513,0.006395870608159711,0.004476395609246661,0.003258943248320306,0.0031359415955368856,0.004621000813800508,0.006984455884039637,0.008073112117604054
Vaikra_CH21,0.011505032863828,0.008063633330115024,0.003742032325306648,0.004158018965376195,0.008268729568061337,0.004512928438772796,0.004769397539867133,0.0029831068714654668,0.005269179192447426,0.004498998362799086,0.004767101318338294,0.004416461098590131,0.0030143877303655106,0.0035618996153765157,0.0037039441901320054,0.005909978849879227,0.0029131560014479265,0.0030965481572230724,0.004505605287139735,0.006103806493841166,0.0035647720028822113
Vaikra_CH22,0.0030245740015086803,0.003583634917423575,0.004297379674239365,0.0029026888944629257,0.0031527517640261176,0.005188973109821526,0.01158402412009389,0.002773539076163731,0.004056489999454276,0.004236481147529728,0.005502917632142514,0.0042104968309630885,0.014539531503741232,0.0035810324304551785,0.0066073000608524906,0.007236479029872221,0.002908729173643765,0.0031348709766428904,0.0035726076674878417,0.004939166205782367,0.003384473341464973
Vaikra_CH23,0.0031469807243454657,0.018945554982751325,0.006353703032703337,0.04206723011174596,0.0033097937325986455,0.004995856726983777,0.004257211571513835,0.0027689934239864796,0.008584174130183262,0.004471560627974304,0.005110443419026951,0.007442601423590671,0.002990950825210856,0.0037365954107526026,0.00494181767169786,0.0050732795427212785,0.002877134766395466,0.00509866180328869,0.0037837171650384766,0.005213324276698774,0.004269972185188791
Vaikra_CH24,0.003024493851897933,0.0034410934953186204,0.0050204364866674005,0.002910980886617966,0.002995446962744189,0.00424370359067743,0.003835804585679855,0.0027627218672470117,0.0036943909034181954,0.004029319329851962,0.005562282027023728,0.003889084453923589,0.0029909441197419084,0.004811951176658191,0.003945027161424461,0.004258002538917353,0.002861543377767106,0.003046036638913511,0.003385802364899082,0.005730850263022054,0.0032101204774358377
Vaikra_CH25,0.044064419558251425,0.016876914476379387,0.006427974212909224,0.003881502700514875,0.004066468889530812,0.007866938060974478,0.008458186872201859,0.0027803711641666657,0.009409866908652323,0.0059939595819336056,0.008603335379715676,0.008344036839608836,0.002990997259978919,0.006140714557314675,0.00823860352850125,0.00955558784407505,0.0030327561787376863,0.00797349549598908,0.01053794066039605,0.008896947185961459,0.015880413716260516
Vaikra_CH26,0.003024956576586019,0.003717636372202624,0.004602272234763018,0.002918074522151721,0.003158756157677138,0.006396307146016374,0.007013776641667395,0.002763329241326398,0.003891304390480968,0.009931395463084507,0.00638342441380941,0.004461577600282655,0.005174126801300006,0.012793545387837326,0.0059568545779260925,0.004736447383344439,0.0030240361223371555,0.00317962564192921,0.004382378265648722,0.005461360834837125,0.004473024417968773
Vaikra_CH27,0.0030246240784411803,0.011428313218063795,0.004483068120524537,0.003117063434442183,0.015977603191330597,0.004747873807599835,0.008033522373759523,0.0027719650942477393,0.00540345994422775,0.004262242110970416,0.004849334648550986,0.007454748061326429,0.002992501905512667,0.007505057703343751,0.004963440125812498,0.004473287749516571,0.0028855876243804113,0.003165057633661812,0.0035650694333178665,0.0042480784533056905,0.014368713479617788
Vaikra_CH3,0.003024325587160552,0.004457219063157454,0.005204240183321061,0.0028947813986695396,0.003002521886530019,0.004422931562161574,0.00381472760415754,0.002765588141172453,0.0035661507826106613,0.004031005461887924,0.005576037596748728,0.005912310520141819,0.0029909281564953847,0.003552683093857869,0.004134781551356699,0.00423489618553583,0.01933300414969972,0.0030503141551716695,0.003377896521801679,0.003943122578618703,0.003254833033990806
Vaikra_CH4,0.003024923732772388,0.005230595269047172,0.007743189474178919,0.0029480857541100405,0.009484419231787843,0.006383584069531414,0.004271428020764397,0.002779010823471928,0.01342520003215544,0.004471802958609098,0.0066576375084871735,0.008716185728038674,0.0029909664686764963,0.005809411896136439,0.006437778921030098,0.004588212962987668,0.0030718790818845794,0.003259148692542719,0.003683539773639734,0.005518783707069199,0.003706691722943737
Vaikra_CH5,0.003024901783887337,0.0041117648582842635,0.004426921338762402,0.0029142992045453637,0.004111933351177364,0.004905877833733064,0.0076262127439407365,0.00276298931440547,0.005867294416881746,0.0041795736692896,0.004963847079552647,0.007733983381386079,0.0029932651187541495,0.004354144730443429,0.006091241155886682,0.007463987711296072,0.003180404968085135,0.004763964904401877,0.003565765079875784,0.00644001322390641,0.014179485858187582
Vaikra_CH6,0.013551759731942618,0.010921473717241713,0.009975613275986337,0.029597292455261798,0.004245783107097198,0.004863349894669469,0.003874849676952873,0.002758957350675766,0.010316795726083282,0.004108915933606463,0.004503486823378063,0.0058744313696245986,0.002990918543775675,0.0035361195006304,0.007012628071194794,0.003968953155893682,0.00295023158700513,0.003146812332598073,0.0034457427221695693,0.005379035925999451,0.00325441128042538
Vaikra_CH7,0.0031355130657119822,0.006924092292624886,0.004390711056995879,0.021791437041364433,0.007892831987324371,0.007037640600311539,0.0040013523600834905,0.0033918689938814,0.004877995245190914,0.004261837888008161,0.0051315249514476274,0.005369491633294765,0.0029909701626011443,0.0072622567663246694,0.005095921282829906,0.005846145570759064,0.002894795137349915,0.007872652698208226,0.005645046710246981,0.0064435704153546925,0.009060550755042944
Vaikra_CH8,0.0030474525983986275,0.004045856571296142,0.006565753537605444,0.0029153901057873887,0.0031600066479931283,0.0065272326418864424,0.00427247401537733,0.0027718239327889555,0.006604787645317675,0.00447164638665212,0.0067262670718459166,0.005658793191676828,0.002990979800038641,0.003567837684847118,0.005420583823476738,0.004896840729756327,0.0038368789780743842,0.004203773693595647,0.003939638414427267,0.005075404395419047,0.005009907519768448
Vaikra_CH9,0.01136197343121973,0.0034711366885121758,0.004365161233876917,0.002896354285709771,0.007474952652114694,0.0041874854779953615,0.003886014778429817,0.0027661898181526056,0.007157055237140416,0.004108766710119939,0.004258376687179586,0.005448993963017961,0.002990925948772717,0.0049057127601622105,0.0037605159522829507,0.004332885705003782,0.002944678192908229,0.00548669159537435,0.004554661170364499,0.004532541974670486,0.008140007720967282
